{
    "_vcs_unit__1427660986": [
        "_vcs_unit__1427660986",
        "me2A8",
        "module",
        1
    ],
    "std": [
        "std",
        "reYIK",
        "module",
        2
    ],
    "testbench": [
        "testbench",
        "iAVhC",
        "module",
        3
    ],
    "mem": [
        "mem",
        "FSbWZ",
        "module",
        4
    ],
    "rob": [
        "rob",
        "vtxDx",
        "module",
        5
    ],
    "rs": [
        "rs",
        "vJKs8",
        "module",
        6
    ],
    "alu": [
        "alu",
        "C26kq",
        "module",
        7
    ],
    "conditional_branch": [
        "conditional_branch",
        "LQkfM",
        "module",
        8
    ],
    "stage_ex": [
        "stage_ex",
        "ZJisS",
        "module",
        9
    ],
    "stage_mem": [
        "stage_mem",
        "cAtq4",
        "module",
        10
    ],
    "icache": [
        "icache",
        "sbRVE",
        "module",
        11
    ],
    "mult": [
        "mult",
        "SRUFi",
        "module",
        12
    ],
    "...MASTER...": [
        "SIM",
        "amcQw",
        "module",
        13
    ]
}